{"cameraMode":{"drawMode":0,"name":"Shaded","section":"Shading Mode"},"sceneLighting":true,"audioPlay":false,"sceneViewState":{"showFog":true,"showMaterialUpdate":false,"showSkybox":true,"showFlares":true,"showImageEffects":true,"showParticleSystems":true},"in2DMode":false,"pivot":{"x":13.759223937988282,"y":2.5358636379241945,"z":-1.6721504926681519},"rotation":{"x":-0.11605945229530335,"y":-0.03962660953402519,"z":0.004605638794600964,"w":-0.9924699664115906},"size":5.1959757804870609,"orthographic":false}