{"cameraMode":{"drawMode":0,"name":"Shaded","section":"Shading Mode"},"sceneLighting":true,"audioPlay":false,"sceneViewState":{"showFog":true,"showMaterialUpdate":false,"showSkybox":true,"showFlares":true,"showImageEffects":true,"showParticleSystems":true},"in2DMode":false,"pivot":{"x":51.69499969482422,"y":1.4797580242156983,"z":-11.4866304397583},"rotation":{"x":-0.2596277892589569,"y":-0.37487712502479555,"z":0.1101837158203125,"w":-0.8831740021705627},"size":46.6734733581543,"orthographic":false}