{"cameraMode":{"drawMode":0,"name":"Shaded","section":"Shading Mode"},"sceneLighting":true,"audioPlay":false,"sceneViewState":{"showFog":true,"showMaterialUpdate":false,"showSkybox":true,"showFlares":true,"showImageEffects":true,"showParticleSystems":true},"in2DMode":false,"pivot":{"x":11.301650047302246,"y":1.6915218830108643,"z":-2.1883604526519777},"rotation":{"x":-0.11615461111068726,"y":-0.005398384761065245,"z":0.00047029697452671826,"w":-0.9932793974876404},"size":1.5679490566253663,"orthographic":false}