{"cameraMode":{"drawMode":0,"name":"Shaded","section":"Shading Mode"},"sceneLighting":true,"audioPlay":false,"sceneViewState":{"showFog":true,"showMaterialUpdate":false,"showSkybox":true,"showFlares":true,"showImageEffects":true,"showParticleSystems":true},"in2DMode":false,"pivot":{"x":12.235520362854004,"y":3.0980329513549806,"z":-1.084084153175354},"rotation":{"x":0.19964274764060975,"y":0.008819335140287876,"z":-0.0017935000360012055,"w":0.9798345565795898},"size":4.070182800292969,"orthographic":false}